<?xml version="1.0" encoding="windows-1252" ?>
<TABLE>
   <COMPO>
      <alim_code> 1000 </alim_code>
      <const_code> 327 </const_code>
      <teneur> 1140 </teneur>
      <min missing=" " />
      <max missing=" " />
      <code_confiance> C </code_confiance>
      <source_code> 1 </source_code>
   </COMPO>
   <COMPO>
      <alim_code> 1000 </alim_code>
      <const_code> 328 </const_code>
      <teneur> 274 </teneur>
      <min missing=" " />
      <max missing=" " />
      <code_confiance> C </code_confiance>
      <source_code> 2 </source_code>
   </COMPO>
   <COMPO>
      <alim_code> 1000 </alim_code>
      <const_code> 332 </const_code>
      <teneur> 1140 </teneur>
      <min missing=" " />
      <max missing=" " />
      <code_confiance> C </code_confiance>
      <source_code> 3 </source_code>
   </COMPO>
   <COMPO>
      <alim_code> 1000 </alim_code>
      <const_code> 333 </const_code>
      <teneur> 274 </teneur>
      <min missing=" " />
      <max missing=" " />
      <code_confiance> C </code_confiance>
      <source_code> 4 </source_code>
   </COMPO>
   <COMPO>
      <alim_code> 1000 </alim_code>
      <const_code> 400 </const_code>
      <teneur> 59,7 </teneur>
      <min>         58,7 </min>
      <max>         60,4 </max>
      <code_confiance> D </code_confiance>
      <source_code> 5 </source_code>
   </COMPO>
   <COMPO>
      <alim_code> 1000 </alim_code>
      <const_code> 10000 </const_code>
      <teneur> 0,002 </teneur>
      <min missing=" " />
      <max missing=" " />
      <code_confiance> D </code_confiance>
      <source_code> 6 </source_code>
   </COMPO>
   <COMPO>
      <alim_code> 1000 </alim_code>
      <const_code> 10004 </const_code>
      <teneur> 0 </teneur>
      <min missing=" " />
      <max missing=" " />
      <code_confiance> C </code_confiance>
      <source_code> 7 </source_code>
   </COMPO>
   <COMPO>
      <alim_code> 1000 </alim_code>
      <const_code> 10110 </const_code>
      <teneur> 0 </teneur>
      <min missing=" " />
      <max missing=" " />
      <code_confiance> C </code_confiance>
      <source_code> 8 </source_code>
   </COMPO>
   <COMPO>
      <alim_code> 1000 </alim_code>
      <const_code> 10120 </const_code>
      <teneur> 0 </teneur>
      <min missing=" " />
      <max missing=" " />
      <code_confiance> D </code_confiance>
      <source_code> 9 </source_code>
   </COMPO>
   <COMPO>
      <alim_code> 1000 </alim_code>
      <const_code> 10150 </const_code>
      <teneur> - </teneur>
      <min missing=" " />
      <max missing=" " />
      <code_confiance missing=" " />
      <source_code missing="." />
   </COMPO>
   <COMPO>
      <alim_code> 1000 </alim_code>
      <const_code> 10170 </const_code>
      <teneur> - </teneur>
      <min missing=" " />
      <max missing=" " />
      <code_confiance missing=" " />
      <source_code missing="." />
   </COMPO>
   <COMPO>
      <alim_code> 1000 </alim_code>
      <const_code> 10190 </const_code>
      <teneur> 2 </teneur>
      <min missing=" " />
      <max missing=" " />
      <code_confiance> D </code_confiance>
      <source_code> 10 </source_code>
   </COMPO>
   <COMPO>
      <alim_code> 1000 </alim_code>
      <const_code> 10200 </const_code>
      <teneur> 0 </teneur>
      <min missing=" " />
      <max missing=" " />
      <code_confiance> D </code_confiance>
      <source_code> 11 </source_code>
   </COMPO>
   <COMPO>
      <alim_code> 1000 </alim_code>
      <const_code> 10251 </const_code>
      <teneur> 0 </teneur>
      <min missing=" " />
      <max missing=" " />
      <code_confiance> C </code_confiance>
      <source_code> 12 </source_code>
   </COMPO>
   <COMPO>
      <alim_code> 1000 </alim_code>
      <const_code> 10260 </const_code>
      <teneur> - </teneur>
      <min missing=" " />
      <max missing=" " />
      <code_confiance missing=" " />
      <source_code missing="." />
   </COMPO>
   <COMPO>
      <alim_code> 1000 </alim_code>
      <const_code> 10290 </const_code>
      <teneur> - </teneur>
      <min missing=" " />
      <max missing=" " />
      <code_confiance missing=" " />
      <source_code missing="." />
   </COMPO>
   <COMPO>
      <alim_code> 1000 </alim_code>
      <const_code> 10300 </const_code>
      <teneur> 0,02 </teneur>
      <min missing=" " />
      <max missing=" " />
      <code_confiance> C </code_confiance>
      <source_code> 13 </source_code>
   </COMPO>
   <COMPO>
      <alim_code> 1000 </alim_code>
      <const_code> 10340 </const_code>
      <teneur> 0 </teneur>
      <min missing=" " />
      <max missing=" " />
      <code_confiance> C </code_confiance>
      <source_code> 14 </source_code>
   </COMPO>
   <COMPO>
      <alim_code> 1000 </alim_code>
      <const_code> 10530 </const_code>
      <teneur> 1 </teneur>
      <min missing=" " />
      <max missing=" " />
      <code_confiance> C </code_confiance>
      <source_code> 15 </source_code>
   </COMPO>
   <COMPO>
      <alim_code> 1000 </alim_code>
      <const_code> 25000 </const_code>
      <teneur> 0 </teneur>
      <min missing=" " />
      <max missing=" " />
      <code_confiance> C </code_confiance>
      <source_code> 16 </source_code>
   </COMPO>
   <COMPO>
      <alim_code> 1000 </alim_code>
      <const_code> 25003 </const_code>
      <teneur> 0 </teneur>
      <min missing=" " />
      <max missing=" " />
      <code_confiance> C </code_confiance>
      <source_code> 17 </source_code>
   </COMPO>
   <COMPO>
      <alim_code> 1000 </alim_code>
      <const_code> 31000 </const_code>
      <teneur> 2,86 </teneur>
      <min missing=" " />
      <max missing=" " />
      <code_confiance> D </code_confiance>
      <source_code> 18 </source_code>
   </COMPO>
   <COMPO>
      <alim_code> 1000 </alim_code>
      <const_code> 32000 </const_code>
      <teneur> 0 </teneur>
      <min missing=" " />
      <max missing=" " />
      <code_confiance> C </code_confiance>
      <source_code> 19 </source_code>
   </COMPO>
   <COMPO>
      <alim_code> 1000 </alim_code>
      <const_code> 32210 </const_code>
      <teneur> - </teneur>
      <min missing=" " />
      <max missing=" " />
      <code_confiance missing=" " />
      <source_code missing="." />
   </COMPO>
   <COMPO>
      <alim_code> 1000 </alim_code>
      <const_code> 32220 </const_code>
      <teneur> - </teneur>
      <min missing=" " />
      <max missing=" " />
      <code_confiance missing=" " />
      <source_code missing="." />
   </COMPO>
   <COMPO>
      <alim_code> 1000 </alim_code>
      <const_code> 32250 </const_code>
      <teneur> - </teneur>
      <min missing=" " />
      <max missing=" " />
      <code_confiance missing=" " />
      <source_code missing="." />
   </COMPO>
   <COMPO>
      <alim_code> 1000 </alim_code>
      <const_code> 32410 </const_code>
      <teneur> - </teneur>
      <min missing=" " />
      <max missing=" " />
      <code_confiance missing=" " />
      <source_code missing="." />
   </COMPO>
   <COMPO>
      <alim_code> 1000 </alim_code>
      <const_code> 32430 </const_code>
      <teneur> - </teneur>
      <min missing=" " />
      <max missing=" " />
      <code_confiance missing=" " />
      <source_code missing="." />
   </COMPO>
   <COMPO>
      <alim_code> 1000 </alim_code>
      <const_code> 32480 </const_code>
      <teneur> - </teneur>
      <min missing=" " />
      <max missing=" " />
      <code_confiance missing=" " />
      <source_code missing="." />
   </COMPO>
   <COMPO>
      <alim_code> 1000 </alim_code>
      <const_code> 33110 </const_code>
      <teneur> 0 </teneur>
      <min missing=" " />
      <max missing=" " />
      <code_confiance> D </code_confiance>
      <source_code> 20 </source_code>
   </COMPO>
   <COMPO>
      <alim_code> 1000 </alim_code>
      <const_code> 34000 </const_code>
      <teneur> 0 </teneur>
      <min missing=" " />
      <max missing=" " />
      <code_confiance> B </code_confiance>
      <source_code> 21 </source_code>
   </COMPO>
   <COMPO>
      <alim_code> 1000 </alim_code>
      <const_code> 34100 </const_code>
      <teneur> 0 </teneur>
      <min missing=" " />
      <max missing=" " />
      <code_confiance> C </code_confiance>
      <source_code> 22 </source_code>
   </COMPO>
   <COMPO>
      <alim_code> 1000 </alim_code>
      <const_code> 40000 </const_code>
      <teneur> 0 </teneur>
      <min missing=" " />
      <max missing=" " />
      <code_confiance> C </code_confiance>
      <source_code> 23 </source_code>
   </COMPO>
   <COMPO>
      <alim_code> 1000 </alim_code>
      <const_code> 40302 </const_code>
      <teneur> 0 </teneur>
      <min missing=" " />
      <max missing=" " />
      <code_confiance> C </code_confiance>
      <source_code> 24 </source_code>
   </COMPO>
   <COMPO>
      <alim_code> 1000 </alim_code>
      <const_code> 40303 </const_code>
      <teneur> 0 </teneur>
      <min missing=" " />
      <max missing=" " />
      <code_confiance> D </code_confiance>
      <source_code> 25 </source_code>
   </COMPO>
   <COMPO>
      <alim_code> 1000 </alim_code>
      <const_code> 40304 </const_code>
      <teneur> 0 </teneur>
      <min missing=" " />
      <max missing=" " />
      <code_confiance> D </code_confiance>
      <source_code> 26 </source_code>
   </COMPO>
   <COMPO>
      <alim_code> 1000 </alim_code>
      <const_code> 40400 </const_code>
      <teneur> - </teneur>
      <min missing=" " />
      <max missing=" " />
      <code_confiance missing=" " />
      <source_code missing="." />
   </COMPO>
   <COMPO>
      <alim_code> 1000 </alim_code>
      <const_code> 40600 </const_code>
      <teneur> - </teneur>
      <min missing=" " />
      <max missing=" " />
      <code_confiance missing=" " />
      <source_code missing="." />
   </COMPO>
   <COMPO>
      <alim_code> 1000 </alim_code>
      <const_code> 40800 </const_code>
      <teneur> - </teneur>
      <min missing=" " />
      <max missing=" " />
      <code_confiance missing=" " />
      <source_code missing="." />
   </COMPO>
   <COMPO>
      <alim_code> 1000 </alim_code>
      <const_code> 41000 </const_code>
      <teneur> - </teneur>
      <min missing=" " />
      <max missing=" " />
      <code_confiance missing=" " />
      <source_code missing="." />
   </COMPO>
   <COMPO>
      <alim_code> 1000 </alim_code>
      <const_code> 41200 </const_code>
      <teneur> - </teneur>
      <min missing=" " />
      <max missing=" " />
      <code_confiance missing=" " />
      <source_code missing="." />
   </COMPO>
   <COMPO>
      <alim_code> 1000 </alim_code>
      <const_code> 41400 </const_code>
      <teneur> - </teneur>
      <min missing=" " />
      <max missing=" " />
      <code_confiance missing=" " />
      <source_code missing="." />
   </COMPO>
   <COMPO>
      <alim_code> 1000 </alim_code>
      <const_code> 41600 </const_code>
      <teneur> - </teneur>
      <min missing=" " />
      <max missing=" " />
      <code_confiance missing=" " />
      <source_code missing="." />
   </COMPO>
   <COMPO>
      <alim_code> 1000 </alim_code>
      <const_code> 41800 </const_code>
      <teneur> - </teneur>
      <min missing=" " />
      <max missing=" " />
      <code_confiance missing=" " />
      <source_code missing="." />
   </COMPO>
   <COMPO>
      <alim_code> 1000 </alim_code>
      <const_code> 41819 </const_code>
      <teneur> - </teneur>
      <min missing=" " />
      <max missing=" " />
      <code_confiance missing=" " />
      <source_code missing="." />
   </COMPO>
   <COMPO>
      <alim_code> 1000 </alim_code>
      <const_code> 41826 </const_code>
      <teneur> - </teneur>
      <min missing=" " />
      <max missing=" " />
      <code_confiance missing=" " />
      <source_code missing="." />
   </COMPO>
   <COMPO>
      <alim_code> 1000 </alim_code>
      <const_code> 41833 </const_code>
      <teneur> - </teneur>
      <min missing=" " />
      <max missing=" " />
      <code_confiance missing=" " />
      <source_code missing="." />
   </COMPO>
   <COMPO>
      <alim_code> 1000 </alim_code>
      <const_code> 42046 </const_code>
      <teneur> - </teneur>
      <min missing=" " />
      <max missing=" " />
      <code_confiance missing=" " />
      <source_code missing="." />
   </COMPO>
   <COMPO>
      <alim_code> 1000 </alim_code>
      <const_code> 42053 </const_code>
      <teneur> - </teneur>
      <min missing=" " />
      <max missing=" " />
      <code_confiance missing=" " />
      <source_code missing="." />
   </COMPO>
   <COMPO>
      <alim_code> 1000 </alim_code>
      <const_code> 42263 </const_code>
      <teneur> - </teneur>
      <min missing=" " />
      <max missing=" " />
      <code_confiance missing=" " />
      <source_code missing="." />
   </COMPO>
   <COMPO>
      <alim_code> 1000 </alim_code>
      <const_code> 51200 </const_code>
      <teneur> 0 </teneur>
      <min missing=" " />
      <max missing=" " />
      <code_confiance> D </code_confiance>
      <source_code> 27 </source_code>
   </COMPO>
   <COMPO>
      <alim_code> 1000 </alim_code>
      <const_code> 51330 </const_code>
      <teneur> 0 </teneur>
      <min missing=" " />
      <max missing=" " />
      <code_confiance> D </code_confiance>
      <source_code> 28 </source_code>
   </COMPO>
   <COMPO>
      <alim_code> 1000 </alim_code>
      <const_code> 52100 </const_code>
      <teneur> 0 </teneur>
      <min missing=" " />
      <max missing=" " />
      <code_confiance> D </code_confiance>
      <source_code> 29 </source_code>
   </COMPO>
   <COMPO>
      <alim_code> 1000 </alim_code>
      <const_code> 53100 </const_code>
      <teneur> - </teneur>
      <min missing=" " />
      <max missing=" " />
      <code_confiance missing=" " />
      <source_code missing="." />
   </COMPO>
   <COMPO>
      <alim_code> 1000 </alim_code>
      <const_code> 54101 </const_code>
      <teneur> - </teneur>
      <min missing=" " />
      <max missing=" " />
      <code_confiance missing=" " />
      <source_code missing="." />
   </COMPO>
   <COMPO>
      <alim_code> 1000 </alim_code>
      <const_code> 54104 </const_code>
      <teneur> - </teneur>
      <min missing=" " />
      <max missing=" " />
      <code_confiance missing=" " />
      <source_code missing="." />
   </COMPO>
   <COMPO>
      <alim_code> 1000 </alim_code>
      <const_code> 55100 </const_code>
      <teneur> 0 </teneur>
      <min missing=" " />
      <max missing=" " />
      <code_confiance> D </code_confiance>
      <source_code> 30 </source_code>
   </COMPO>
   <COMPO>
      <alim_code> 1000 </alim_code>
      <const_code> 56100 </const_code>
      <teneur> 0 </teneur>
      <min missing=" " />
      <max missing=" " />
      <code_confiance> D </code_confiance>
      <source_code> 31 </source_code>
   </COMPO>
   <COMPO>
      <alim_code> 1000 </alim_code>
      <const_code> 56200 </const_code>
      <teneur> 0 </teneur>
      <min missing=" " />
      <max missing=" " />
      <code_confiance> D </code_confiance>
      <source_code> 32 </source_code>
   </COMPO>
   <COMPO>
      <alim_code> 1000 </alim_code>
      <const_code> 56310 </const_code>
      <teneur> 0 </teneur>
      <min missing=" " />
      <max missing=" " />
      <code_confiance> D </code_confiance>
      <source_code> 33 </source_code>
   </COMPO>
   <COMPO>
      <alim_code> 1000 </alim_code>
      <const_code> 56400 </const_code>
      <teneur> 0 </teneur>
      <min missing=" " />
      <max missing=" " />
      <code_confiance> D </code_confiance>
      <source_code> 34 </source_code>
   </COMPO>
   <COMPO>
      <alim_code> 1000 </alim_code>
      <const_code> 56500 </const_code>
      <teneur> 0 </teneur>
      <min missing=" " />
      <max missing=" " />
      <code_confiance> D </code_confiance>
      <source_code> 35 </source_code>
   </COMPO>
   <COMPO>
      <alim_code> 1000 </alim_code>
      <const_code> 56600 </const_code>
      <teneur> 0 </teneur>
      <min missing=" " />
      <max missing=" " />
      <code_confiance> D </code_confiance>
      <source_code> 36 </source_code>
   </COMPO>
   <COMPO>
      <alim_code> 1000 </alim_code>
      <const_code> 56700 </const_code>
      <teneur> 0 </teneur>
      <min missing=" " />
      <max missing=" " />
      <code_confiance> D </code_confiance>
      <source_code> 37 </source_code>
   </COMPO>
   <COMPO>
      <alim_code> 1000 </alim_code>
      <const_code> 60000 </const_code>
      <teneur> 37,5 </teneur>
      <min>         37,3 </min>
      <max>         37,6 </max>
      <code_confiance> D </code_confiance>
      <source_code> 38 </source_code>
   </COMPO>
   <COMPO>
      <alim_code> 1000 </alim_code>
      <const_code> 65000 </const_code>
      <teneur> 0 </teneur>
      <min missing=" " />
      <max missing=" " />
      <code_confiance> B </code_confiance>
      <source_code> 39 </source_code>
   </COMPO>
   <COMPO>
      <alim_code> 1000 </alim_code>
      <const_code> 75100 </const_code>
      <teneur> 0 </teneur>
      <min missing=" " />
      <max missing=" " />
      <code_confiance> D </code_confiance>
      <source_code> 40 </source_code>
   </COMPO>
</TABLE>
